id,data_series,chart_type
00c4cc024034_x,Burkina Faso;Burundi;Cambodia;Cameroon;Canada;Cape Verde;Caribbean;Central African Republic;Central America;Central and Southern...,line
00c4cc024034_y,355214.7239263804;463190.1840490798;261963.19018404908;200613.4969325153;247239.263803681;298773.0061349693;308588.95705521473;244785.2760736196;286503.06748466264;477914.11042944784,line
0508ebe1a459_x,Burundi;Cambodia;Cameroon;Canada;Cape Verde;Caribbean;Central African Republic;Central America;Central Asia;Chad,vertical_bar
0508ebe1a459_y,92.71844660194175;86.89320388349515;98.54368932038835;38.349514563106794;0.4854368932038824;95.63106796116504;97.57281553398059;91.74757281553399;92.71844660194175;97.57281553398059,vertical_bar
0d7ab7fec5e0_x,2005;2006;2007;2008;2009;2010;2011;2012;2013;2014;2015;2016;2017;2018;2019,vertical_bar
0d7ab7fec5e0_y,140.7079646017699;183.48082595870207;159.882005899705;207.0796460176991;258.70206489675513;292.6253687315634;0.5899705014749088;130.3834808259587;100.88495575221236;161.35693215339234;153.98230088495575;158.4070796460177;140.7079646017699;145.13274336283183;146.60766961651916,vertical_bar

